"filename", "language", "C++", "CMake", "Swift", "JSON", "YAML", "XML", "HTML", "JavaScript", "Markdown", "Dart", "Gradle", "Java Properties", "comment", "blank", "total"
"c:\dev\Proyecto\tesis\Lb_flutter_app\le_brunch_app\analysis_options.yaml", "YAML", 0, 0, 0, 0, 1, 0, 0, 0, 0, 0, 0, 0, 0, 1, 2
"c:\dev\Proyecto\tesis\Lb_flutter_app\le_brunch_app\android\app\build.gradle", "Gradle", 0, 0, 0, 0, 0, 0, 0, 0, 0, 0, 32, 0, 6, 7, 45
"c:\dev\Proyecto\tesis\Lb_flutter_app\le_brunch_app\android\app\src\debug\AndroidManifest.xml", "XML", 0, 0, 0, 0, 0, 3, 0, 0, 0, 0, 0, 0, 4, 1, 8
"c:\dev\Proyecto\tesis\Lb_flutter_app\le_brunch_app\android\app\src\main\AndroidManifest.xml", "XML", 0, 0, 0, 0, 0, 40, 0, 0, 0, 0, 0, 0, 12, 1, 53
"c:\dev\Proyecto\tesis\Lb_flutter_app\le_brunch_app\android\app\src\main\res\drawable-v21\launch_background.xml", "XML", 0, 0, 0, 0, 0, 4, 0, 0, 0, 0, 0, 0, 7, 2, 13
"c:\dev\Proyecto\tesis\Lb_flutter_app\le_brunch_app\android\app\src\main\res\drawable\ic_launcher_foreground.xml", "XML", 0, 0, 0, 0, 0, 11, 0, 0, 0, 0, 0, 0, 0, 0, 11
"c:\dev\Proyecto\tesis\Lb_flutter_app\le_brunch_app\android\app\src\main\res\drawable\launch_background.xml", "XML", 0, 0, 0, 0, 0, 9, 0, 0, 0, 0, 0, 0, 0, 0, 9
"c:\dev\Proyecto\tesis\Lb_flutter_app\le_brunch_app\android\app\src\main\res\mipmap-anydpi-v26\ic_foreground.xml", "XML", 0, 0, 0, 0, 0, 4, 0, 0, 0, 0, 0, 0, 0, 0, 4
"c:\dev\Proyecto\tesis\Lb_flutter_app\le_brunch_app\android\app\src\main\res\mipmap-anydpi-v26\ic_launcher.xml", "XML", 0, 0, 0, 0, 0, 9, 0, 0, 0, 0, 0, 0, 0, 1, 10
"c:\dev\Proyecto\tesis\Lb_flutter_app\le_brunch_app\android\app\src\main\res\values-night\styles.xml", "XML", 0, 0, 0, 0, 0, 15, 0, 0, 0, 0, 0, 0, 10, 0, 25
"c:\dev\Proyecto\tesis\Lb_flutter_app\le_brunch_app\android\app\src\main\res\values\colors.xml", "XML", 0, 0, 0, 0, 0, 7, 0, 0, 0, 0, 0, 0, 3, 2, 12
"c:\dev\Proyecto\tesis\Lb_flutter_app\le_brunch_app\android\app\src\main\res\values\styles.xml", "XML", 0, 0, 0, 0, 0, 12, 0, 0, 0, 0, 0, 0, 0, 0, 12
"c:\dev\Proyecto\tesis\Lb_flutter_app\le_brunch_app\android\app\src\profile\AndroidManifest.xml", "XML", 0, 0, 0, 0, 0, 3, 0, 0, 0, 0, 0, 0, 4, 1, 8
"c:\dev\Proyecto\tesis\Lb_flutter_app\le_brunch_app\android\build.gradle", "Gradle", 0, 0, 0, 0, 0, 0, 0, 0, 0, 0, 16, 0, 0, 3, 19
"c:\dev\Proyecto\tesis\Lb_flutter_app\le_brunch_app\android\gradle.properties", "Java Properties", 0, 0, 0, 0, 0, 0, 0, 0, 0, 0, 0, 3, 0, 1, 4
"c:\dev\Proyecto\tesis\Lb_flutter_app\le_brunch_app\android\gradle\wrapper\gradle-wrapper.properties", "Java Properties", 0, 0, 0, 0, 0, 0, 0, 0, 0, 0, 0, 5, 0, 1, 6
"c:\dev\Proyecto\tesis\Lb_flutter_app\le_brunch_app\android\settings.gradle", "Gradle", 0, 0, 0, 0, 0, 0, 0, 0, 0, 0, 21, 0, 0, 5, 26
"c:\dev\Proyecto\tesis\Lb_flutter_app\le_brunch_app\ios\RunnerTests\RunnerTests.swift", "Swift", 0, 0, 7, 0, 0, 0, 0, 0, 0, 0, 0, 0, 2, 4, 13
"c:\dev\Proyecto\tesis\Lb_flutter_app\le_brunch_app\ios\Runner\AppDelegate.swift", "Swift", 0, 0, 12, 0, 0, 0, 0, 0, 0, 0, 0, 0, 0, 2, 14
"c:\dev\Proyecto\tesis\Lb_flutter_app\le_brunch_app\ios\Runner\Assets.xcassets\AppIcon.appiconset\Contents.json", "JSON", 0, 0, 0, 1, 0, 0, 0, 0, 0, 0, 0, 0, 0, 0, 1
"c:\dev\Proyecto\tesis\Lb_flutter_app\le_brunch_app\ios\Runner\Assets.xcassets\LaunchImage.imageset\Contents.json", "JSON", 0, 0, 0, 23, 0, 0, 0, 0, 0, 0, 0, 0, 0, 1, 24
"c:\dev\Proyecto\tesis\Lb_flutter_app\le_brunch_app\ios\Runner\Assets.xcassets\LaunchImage.imageset\README.md", "Markdown", 0, 0, 0, 0, 0, 0, 0, 0, 3, 0, 0, 0, 0, 2, 5
"c:\dev\Proyecto\tesis\Lb_flutter_app\le_brunch_app\ios\Runner\Base.lproj\LaunchScreen.storyboard", "XML", 0, 0, 0, 0, 0, 36, 0, 0, 0, 0, 0, 0, 1, 1, 38
"c:\dev\Proyecto\tesis\Lb_flutter_app\le_brunch_app\ios\Runner\Base.lproj\Main.storyboard", "XML", 0, 0, 0, 0, 0, 25, 0, 0, 0, 0, 0, 0, 1, 1, 27
"c:\dev\Proyecto\tesis\Lb_flutter_app\le_brunch_app\ios\Runner\Runner-Bridging-Header.h", "C++", 1, 0, 0, 0, 0, 0, 0, 0, 0, 0, 0, 0, 0, 1, 2
"c:\dev\Proyecto\tesis\Lb_flutter_app\le_brunch_app\lib\Api_services\cart_service.dart", "Dart", 0, 0, 0, 0, 0, 0, 0, 0, 0, 844, 0, 0, 192, 189, 1225
"c:\dev\Proyecto\tesis\Lb_flutter_app\le_brunch_app\lib\Api_services\gemini_api_client.dart", "Dart", 0, 0, 0, 0, 0, 0, 0, 0, 0, 277, 0, 0, 30, 37, 344
"c:\dev\Proyecto\tesis\Lb_flutter_app\le_brunch_app\lib\Api_services\gemini_service.dart", "Dart", 0, 0, 0, 0, 0, 0, 0, 0, 0, 2281, 0, 0, 376, 451, 3108
"c:\dev\Proyecto\tesis\Lb_flutter_app\le_brunch_app\lib\Api_services\menu\add_dish_service.dart", "Dart", 0, 0, 0, 0, 0, 0, 0, 0, 0, 99, 0, 0, 11, 15, 125
"c:\dev\Proyecto\tesis\Lb_flutter_app\le_brunch_app\lib\Api_services\menu\get_dishes_service.dart", "Dart", 0, 0, 0, 0, 0, 0, 0, 0, 0, 30, 0, 0, 2, 3, 35
"c:\dev\Proyecto\tesis\Lb_flutter_app\le_brunch_app\lib\Api_services\menu\get_drinks_service.dart", "Dart", 0, 0, 0, 0, 0, 0, 0, 0, 0, 30, 0, 0, 1, 3, 34
"c:\dev\Proyecto\tesis\Lb_flutter_app\le_brunch_app\lib\Api_services\menu\menu_service.dart", "Dart", 0, 0, 0, 0, 0, 0, 0, 0, 0, 64, 0, 0, 1, 9, 74
"c:\dev\Proyecto\tesis\Lb_flutter_app\le_brunch_app\lib\Api_services\navigation\navigation_service.dart", "Dart", 0, 0, 0, 0, 0, 0, 0, 0, 0, 14, 0, 0, 1, 5, 20
"c:\dev\Proyecto\tesis\Lb_flutter_app\le_brunch_app\lib\Api_services\pedidos\create_order_service.dart", "Dart", 0, 0, 0, 0, 0, 0, 0, 0, 0, 180, 0, 0, 18, 31, 229
"c:\dev\Proyecto\tesis\Lb_flutter_app\le_brunch_app\lib\Api_services\pedidos\orders_service.dart", "Dart", 0, 0, 0, 0, 0, 0, 0, 0, 0, 1342, 0, 0, 116, 202, 1660
"c:\dev\Proyecto\tesis\Lb_flutter_app\le_brunch_app\lib\Api_services\pedidos\popular_dishes_service.dart", "Dart", 0, 0, 0, 0, 0, 0, 0, 0, 0, 320, 0, 0, 28, 49, 397
"c:\dev\Proyecto\tesis\Lb_flutter_app\le_brunch_app\lib\Api_services\user_service.dart", "Dart", 0, 0, 0, 0, 0, 0, 0, 0, 0, 341, 0, 0, 27, 47, 415
"c:\dev\Proyecto\tesis\Lb_flutter_app\le_brunch_app\lib\Api_services\usuarios\register_service.dart", "Dart", 0, 0, 0, 0, 0, 0, 0, 0, 0, 24, 0, 0, 1, 3, 28
"c:\dev\Proyecto\tesis\Lb_flutter_app\le_brunch_app\lib\UI_Screens\Admin_Screens\AdminChatScreen.dart", "Dart", 0, 0, 0, 0, 0, 0, 0, 0, 0, 9, 0, 0, 0, 3, 12
"c:\dev\Proyecto\tesis\Lb_flutter_app\le_brunch_app\lib\UI_Screens\Admin_Screens\AdminHomeScreen.dart", "Dart", 0, 0, 0, 0, 0, 0, 0, 0, 0, 339, 0, 0, 15, 27, 381
"c:\dev\Proyecto\tesis\Lb_flutter_app\le_brunch_app\lib\UI_Screens\Admin_Screens\AdminOrdersScreen.dart", "Dart", 0, 0, 0, 0, 0, 0, 0, 0, 0, 683, 0, 0, 2, 50, 735
"c:\dev\Proyecto\tesis\Lb_flutter_app\le_brunch_app\lib\UI_Screens\Admin_Screens\OrderHistoryScreen.dart", "Dart", 0, 0, 0, 0, 0, 0, 0, 0, 0, 29, 0, 0, 0, 4, 33
"c:\dev\Proyecto\tesis\Lb_flutter_app\le_brunch_app\lib\UI_Screens\Admin_Screens\PopularDishesScreen.dart", "Dart", 0, 0, 0, 0, 0, 0, 0, 0, 0, 837, 0, 0, 55, 71, 963
"c:\dev\Proyecto\tesis\Lb_flutter_app\le_brunch_app\lib\UI_Screens\Admin_Screens\ReportsScreen.dart", "Dart", 0, 0, 0, 0, 0, 0, 0, 0, 0, 2234, 0, 0, 87, 141, 2462
"c:\dev\Proyecto\tesis\Lb_flutter_app\le_brunch_app\lib\UI_Screens\Admin_Screens\Users\AdminUsersScreen.dart", "Dart", 0, 0, 0, 0, 0, 0, 0, 0, 0, 1731, 0, 0, 99, 103, 1933
"c:\dev\Proyecto\tesis\Lb_flutter_app\le_brunch_app\lib\UI_Screens\Admin_Screens\Users\add_user_modal.dart", "Dart", 0, 0, 0, 0, 0, 0, 0, 0, 0, 531, 0, 0, 23, 36, 590
"c:\dev\Proyecto\tesis\Lb_flutter_app\le_brunch_app\lib\UI_Screens\Admin_Screens\Users\filter_chip.dart", "Dart", 0, 0, 0, 0, 0, 0, 0, 0, 0, 58, 0, 0, 1, 6, 65
"c:\dev\Proyecto\tesis\Lb_flutter_app\le_brunch_app\lib\UI_Screens\Admin_Screens\add_dish_modal.dart", "Dart", 0, 0, 0, 0, 0, 0, 0, 0, 0, 410, 0, 0, 18, 31, 459
"c:\dev\Proyecto\tesis\Lb_flutter_app\le_brunch_app\lib\UI_Screens\Admin_Screens\menu_screen.dart", "Dart", 0, 0, 0, 0, 0, 0, 0, 0, 0, 33, 0, 0, 1, 6, 40
"c:\dev\Proyecto\tesis\Lb_flutter_app\le_brunch_app\lib\UI_Screens\Auth_Screens\auth_modals.dart", "Dart", 0, 0, 0, 0, 0, 0, 0, 0, 0, 849, 0, 0, 41, 63, 953
"c:\dev\Proyecto\tesis\Lb_flutter_app\le_brunch_app\lib\UI_Screens\Auth_Screens\forget_password(WIP).dart", "Dart", 0, 0, 0, 0, 0, 0, 0, 0, 0, 12, 0, 0, 0, 4, 16
"c:\dev\Proyecto\tesis\Lb_flutter_app\le_brunch_app\lib\UI_Screens\Barista_Screens\BaristaActiveOrdersScreen.dart", "Dart", 0, 0, 0, 0, 0, 0, 0, 0, 0, 77, 0, 0, 0, 12, 89
"c:\dev\Proyecto\tesis\Lb_flutter_app\le_brunch_app\lib\UI_Screens\Barista_Screens\BaristaHomeScreen.dart", "Dart", 0, 0, 0, 0, 0, 0, 0, 0, 0, 17, 0, 0, 0, 4, 21
"c:\dev\Proyecto\tesis\Lb_flutter_app\le_brunch_app\lib\UI_Screens\Barista_Screens\BaristaOrderHistoryScreen.dart", "Dart", 0, 0, 0, 0, 0, 0, 0, 0, 0, 17, 0, 0, 0, 3, 20
"c:\dev\Proyecto\tesis\Lb_flutter_app\le_brunch_app\lib\UI_Screens\Barista_Screens\BaristaProfileScreen.dart", "Dart", 0, 0, 0, 0, 0, 0, 0, 0, 0, 15, 0, 0, 0, 3, 18
"c:\dev\Proyecto\tesis\Lb_flutter_app\le_brunch_app\lib\UI_Screens\Client_Screens\CartScreen.dart", "Dart", 0, 0, 0, 0, 0, 0, 0, 0, 0, 1047, 0, 0, 108, 131, 1286
"c:\dev\Proyecto\tesis\Lb_flutter_app\le_brunch_app\lib\UI_Screens\Client_Screens\ChatScreen.dart", "Dart", 0, 0, 0, 0, 0, 0, 0, 0, 0, 15, 0, 0, 0, 4, 19
"c:\dev\Proyecto\tesis\Lb_flutter_app\le_brunch_app\lib\UI_Screens\Client_Screens\ClientHomeScreen.dart", "Dart", 0, 0, 0, 0, 0, 0, 0, 0, 0, 230, 0, 0, 14, 15, 259
"c:\dev\Proyecto\tesis\Lb_flutter_app\le_brunch_app\lib\UI_Screens\Client_Screens\ClientMenuScreen.dart", "Dart", 0, 0, 0, 0, 0, 0, 0, 0, 0, 30, 0, 0, 2, 6, 38
"c:\dev\Proyecto\tesis\Lb_flutter_app\le_brunch_app\lib\UI_Screens\Cook_Screens\ActiveOrdersScreen.dart", "Dart", 0, 0, 0, 0, 0, 0, 0, 0, 0, 50, 0, 0, 0, 9, 59
"c:\dev\Proyecto\tesis\Lb_flutter_app\le_brunch_app\lib\UI_Screens\Cook_Screens\CookHomeScreen.dart", "Dart", 0, 0, 0, 0, 0, 0, 0, 0, 0, 17, 0, 0, 0, 4, 21
"c:\dev\Proyecto\tesis\Lb_flutter_app\le_brunch_app\lib\UI_Screens\Cook_Screens\CookProfileScreen.dart", "Dart", 0, 0, 0, 0, 0, 0, 0, 0, 0, 15, 0, 0, 0, 3, 18
"c:\dev\Proyecto\tesis\Lb_flutter_app\le_brunch_app\lib\UI_Screens\Cook_Screens\OrderHistoryScreen.dart", "Dart", 0, 0, 0, 0, 0, 0, 0, 0, 0, 17, 0, 0, 0, 3, 20
"c:\dev\Proyecto\tesis\Lb_flutter_app\le_brunch_app\lib\UI_Screens\Shared\shared_active_orders_screen.dart", "Dart", 0, 0, 0, 0, 0, 0, 0, 0, 0, 117, 0, 0, 3, 11, 131
"c:\dev\Proyecto\tesis\Lb_flutter_app\le_brunch_app\lib\UI_Screens\Shared\shared_chat_screen.dart", "Dart", 0, 0, 0, 0, 0, 0, 0, 0, 0, 687, 0, 0, 92, 107, 886
"c:\dev\Proyecto\tesis\Lb_flutter_app\le_brunch_app\lib\UI_Screens\Shared\shared_home_screen.dart", "Dart", 0, 0, 0, 0, 0, 0, 0, 0, 0, 394, 0, 0, 22, 41, 457
"c:\dev\Proyecto\tesis\Lb_flutter_app\le_brunch_app\lib\UI_Screens\Shared\shared_order_history_screen.dart", "Dart", 0, 0, 0, 0, 0, 0, 0, 0, 0, 1285, 0, 0, 60, 115, 1460
"c:\dev\Proyecto\tesis\Lb_flutter_app\le_brunch_app\lib\UI_Screens\Shared\shared_profile_screen.dart", "Dart", 0, 0, 0, 0, 0, 0, 0, 0, 0, 375, 0, 0, 23, 44, 442
"c:\dev\Proyecto\tesis\Lb_flutter_app\le_brunch_app\lib\UI_Screens\Widgets\ThreeDotsLoading.dart", "Dart", 0, 0, 0, 0, 0, 0, 0, 0, 0, 95, 0, 0, 9, 17, 121
"c:\dev\Proyecto\tesis\Lb_flutter_app\le_brunch_app\lib\UI_Screens\Widgets\background_scaffold.dart", "Dart", 0, 0, 0, 0, 0, 0, 0, 0, 0, 47, 0, 0, 0, 4, 51
"c:\dev\Proyecto\tesis\Lb_flutter_app\le_brunch_app\lib\UI_Screens\Widgets\cart_item_card.dart", "Dart", 0, 0, 0, 0, 0, 0, 0, 0, 0, 294, 0, 0, 11, 22, 327
"c:\dev\Proyecto\tesis\Lb_flutter_app\le_brunch_app\lib\UI_Screens\Widgets\category_carousel.dart", "Dart", 0, 0, 0, 0, 0, 0, 0, 0, 0, 209, 0, 0, 7, 9, 225
"c:\dev\Proyecto\tesis\Lb_flutter_app\le_brunch_app\lib\UI_Screens\Widgets\chat_message_bubble.dart", "Dart", 0, 0, 0, 0, 0, 0, 0, 0, 0, 182, 0, 0, 26, 29, 237
"c:\dev\Proyecto\tesis\Lb_flutter_app\le_brunch_app\lib\UI_Screens\Widgets\custom_bottom_navigation_bar.dart", "Dart", 0, 0, 0, 0, 0, 0, 0, 0, 0, 1452, 0, 0, 128, 136, 1716
"c:\dev\Proyecto\tesis\Lb_flutter_app\le_brunch_app\lib\UI_Screens\Widgets\custom_modal.dart", "Dart", 0, 0, 0, 0, 0, 0, 0, 0, 0, 225, 0, 0, 15, 13, 253
"c:\dev\Proyecto\tesis\Lb_flutter_app\le_brunch_app\lib\UI_Screens\Widgets\custom_scaffold.dart", "Dart", 0, 0, 0, 0, 0, 0, 0, 0, 0, 50, 0, 0, 1, 5, 56
"c:\dev\Proyecto\tesis\Lb_flutter_app\le_brunch_app\lib\UI_Screens\Widgets\date_filter_bar.dart", "Dart", 0, 0, 0, 0, 0, 0, 0, 0, 0, 375, 0, 0, 14, 28, 417
"c:\dev\Proyecto\tesis\Lb_flutter_app\le_brunch_app\lib\UI_Screens\Widgets\dish_card.dart", "Dart", 0, 0, 0, 0, 0, 0, 0, 0, 0, 656, 0, 0, 46, 43, 745
"c:\dev\Proyecto\tesis\Lb_flutter_app\le_brunch_app\lib\UI_Screens\Widgets\logout_button.dart", "Dart", 0, 0, 0, 0, 0, 0, 0, 0, 0, 114, 0, 0, 12, 17, 143
"c:\dev\Proyecto\tesis\Lb_flutter_app\le_brunch_app\lib\UI_Screens\Widgets\menu_view.dart", "Dart", 0, 0, 0, 0, 0, 0, 0, 0, 0, 622, 0, 0, 49, 57, 728
"c:\dev\Proyecto\tesis\Lb_flutter_app\le_brunch_app\lib\UI_Screens\Widgets\order_detail_card.dart", "Dart", 0, 0, 0, 0, 0, 0, 0, 0, 0, 1605, 0, 0, 103, 139, 1847
"c:\dev\Proyecto\tesis\Lb_flutter_app\le_brunch_app\lib\UI_Screens\Widgets\routes.dart", "Dart", 0, 0, 0, 0, 0, 0, 0, 0, 0, 140, 0, 0, 12, 21, 173
"c:\dev\Proyecto\tesis\Lb_flutter_app\le_brunch_app\lib\UI_Screens\Widgets\search_bar.dart", "Dart", 0, 0, 0, 0, 0, 0, 0, 0, 0, 41, 0, 0, 0, 5, 46
"c:\dev\Proyecto\tesis\Lb_flutter_app\le_brunch_app\lib\UI_Screens\Widgets\splash_screen.dart", "Dart", 0, 0, 0, 0, 0, 0, 0, 0, 0, 82, 0, 0, 3, 17, 102
"c:\dev\Proyecto\tesis\Lb_flutter_app\le_brunch_app\lib\UI_Screens\Widgets\text_with_border.dart", "Dart", 0, 0, 0, 0, 0, 0, 0, 0, 0, 47, 0, 0, 2, 4, 53
"c:\dev\Proyecto\tesis\Lb_flutter_app\le_brunch_app\lib\UI_Screens\Widgets\updated_category_carousel.dart", "Dart", 0, 0, 0, 0, 0, 0, 0, 0, 0, 85, 0, 0, 0, 6, 91
"c:\dev\Proyecto\tesis\Lb_flutter_app\le_brunch_app\lib\UI_Screens\Widgets\welcome.dart", "Dart", 0, 0, 0, 0, 0, 0, 0, 0, 0, 179, 0, 0, 25, 30, 234
"c:\dev\Proyecto\tesis\Lb_flutter_app\le_brunch_app\lib\UI_Screens\Widgets\welcome_button.dart", "Dart", 0, 0, 0, 0, 0, 0, 0, 0, 0, 53, 0, 0, 2, 5, 60
"c:\dev\Proyecto\tesis\Lb_flutter_app\le_brunch_app\lib\main.dart", "Dart", 0, 0, 0, 0, 0, 0, 0, 0, 0, 74, 0, 0, 10, 15, 99
"c:\dev\Proyecto\tesis\Lb_flutter_app\le_brunch_app\lib\models\cart_item.dart", "Dart", 0, 0, 0, 0, 0, 0, 0, 0, 0, 42, 0, 0, 0, 5, 47
"c:\dev\Proyecto\tesis\Lb_flutter_app\le_brunch_app\lib\models\chat_message.dart", "Dart", 0, 0, 0, 0, 0, 0, 0, 0, 0, 124, 0, 0, 11, 15, 150
"c:\dev\Proyecto\tesis\Lb_flutter_app\le_brunch_app\lib\models\user.dart", "Dart", 0, 0, 0, 0, 0, 0, 0, 0, 0, 125, 0, 0, 9, 13, 147
"c:\dev\Proyecto\tesis\Lb_flutter_app\le_brunch_app\lib\services\cart_event_bus.dart", "Dart", 0, 0, 0, 0, 0, 0, 0, 0, 0, 33, 0, 0, 8, 11, 52
"c:\dev\Proyecto\tesis\Lb_flutter_app\le_brunch_app\lib\services\order_status_service.dart", "Dart", 0, 0, 0, 0, 0, 0, 0, 0, 0, 17, 0, 0, 7, 6, 30
"c:\dev\Proyecto\tesis\Lb_flutter_app\le_brunch_app\lib\services\user_preferences_service.dart", "Dart", 0, 0, 0, 0, 0, 0, 0, 0, 0, 136, 0, 0, 20, 31, 187
"c:\dev\Proyecto\tesis\Lb_flutter_app\le_brunch_app\lib\theme\theme.dart", "Dart", 0, 0, 0, 0, 0, 0, 0, 0, 0, 255, 0, 0, 2, 7, 264
"c:\dev\Proyecto\tesis\Lb_flutter_app\le_brunch_app\linux\CMakeLists.txt", "CMake", 0, 104, 0, 0, 0, 0, 0, 0, 0, 0, 0, 0, 0, 25, 129
"c:\dev\Proyecto\tesis\Lb_flutter_app\le_brunch_app\linux\flutter\CMakeLists.txt", "CMake", 0, 79, 0, 0, 0, 0, 0, 0, 0, 0, 0, 0, 0, 10, 89
"c:\dev\Proyecto\tesis\Lb_flutter_app\le_brunch_app\linux\flutter\generated_plugin_registrant.cc", "C++", 11, 0, 0, 0, 0, 0, 0, 0, 0, 0, 0, 0, 4, 5, 20
"c:\dev\Proyecto\tesis\Lb_flutter_app\le_brunch_app\linux\flutter\generated_plugin_registrant.h", "C++", 5, 0, 0, 0, 0, 0, 0, 0, 0, 0, 0, 0, 5, 6, 16
"c:\dev\Proyecto\tesis\Lb_flutter_app\le_brunch_app\linux\flutter\generated_plugins.cmake", "CMake", 0, 20, 0, 0, 0, 0, 0, 0, 0, 0, 0, 0, 0, 6, 26
"c:\dev\Proyecto\tesis\Lb_flutter_app\le_brunch_app\linux\runner\CMakeLists.txt", "CMake", 0, 21, 0, 0, 0, 0, 0, 0, 0, 0, 0, 0, 0, 6, 27
"c:\dev\Proyecto\tesis\Lb_flutter_app\le_brunch_app\linux\runner\main.cc", "C++", 5, 0, 0, 0, 0, 0, 0, 0, 0, 0, 0, 0, 0, 2, 7
"c:\dev\Proyecto\tesis\Lb_flutter_app\le_brunch_app\linux\runner\my_application.cc", "C++", 83, 0, 0, 0, 0, 0, 0, 0, 0, 0, 0, 0, 21, 27, 131
"c:\dev\Proyecto\tesis\Lb_flutter_app\le_brunch_app\linux\runner\my_application.h", "C++", 7, 0, 0, 0, 0, 0, 0, 0, 0, 0, 0, 0, 7, 5, 19
"c:\dev\Proyecto\tesis\Lb_flutter_app\le_brunch_app\macos\Flutter\GeneratedPluginRegistrant.swift", "Swift", 0, 0, 20, 0, 0, 0, 0, 0, 0, 0, 0, 0, 3, 4, 27
"c:\dev\Proyecto\tesis\Lb_flutter_app\le_brunch_app\macos\RunnerTests\RunnerTests.swift", "Swift", 0, 0, 7, 0, 0, 0, 0, 0, 0, 0, 0, 0, 2, 4, 13
"c:\dev\Proyecto\tesis\Lb_flutter_app\le_brunch_app\macos\Runner\AppDelegate.swift", "Swift", 0, 0, 11, 0, 0, 0, 0, 0, 0, 0, 0, 0, 0, 3, 14
"c:\dev\Proyecto\tesis\Lb_flutter_app\le_brunch_app\macos\Runner\Assets.xcassets\AppIcon.appiconset\Contents.json", "JSON", 0, 0, 0, 68, 0, 0, 0, 0, 0, 0, 0, 0, 0, 1, 69
"c:\dev\Proyecto\tesis\Lb_flutter_app\le_brunch_app\macos\Runner\Base.lproj\MainMenu.xib", "XML", 0, 0, 0, 0, 0, 343, 0, 0, 0, 0, 0, 0, 0, 1, 344
"c:\dev\Proyecto\tesis\Lb_flutter_app\le_brunch_app\macos\Runner\MainFlutterWindow.swift", "Swift", 0, 0, 12, 0, 0, 0, 0, 0, 0, 0, 0, 0, 0, 4, 16
"c:\dev\Proyecto\tesis\Lb_flutter_app\le_brunch_app\package-lock.json", "JSON", 0, 0, 0, 1984, 0, 0, 0, 0, 0, 0, 0, 0, 0, 1, 1985
"c:\dev\Proyecto\tesis\Lb_flutter_app\le_brunch_app\package.json", "JSON", 0, 0, 0, 12, 0, 0, 0, 0, 0, 0, 0, 0, 0, 1, 13
"c:\dev\Proyecto\tesis\Lb_flutter_app\le_brunch_app\pubspec.yaml", "YAML", 0, 0, 0, 0, 67, 0, 0, 0, 0, 0, 0, 0, 0, 6, 73
"c:\dev\Proyecto\tesis\Lb_flutter_app\le_brunch_app\sevidor\constants.js", "JavaScript", 0, 0, 0, 0, 0, 0, 0, 14, 0, 0, 0, 0, 3, 3, 20
"c:\dev\Proyecto\tesis\Lb_flutter_app\le_brunch_app\sevidor\db.js", "JavaScript", 0, 0, 0, 0, 0, 0, 0, 16, 0, 0, 0, 0, 1, 5, 22
"c:\dev\Proyecto\tesis\Lb_flutter_app\le_brunch_app\sevidor\login_register.js", "JavaScript", 0, 0, 0, 0, 0, 0, 0, 425, 0, 0, 0, 0, 58, 92, 575
"c:\dev\Proyecto\tesis\Lb_flutter_app\le_brunch_app\sevidor\menu.js", "JavaScript", 0, 0, 0, 0, 0, 0, 0, 99, 0, 0, 0, 0, 9, 20, 128
"c:\dev\Proyecto\tesis\Lb_flutter_app\le_brunch_app\sevidor\pedidos.js", "JavaScript", 0, 0, 0, 0, 0, 0, 0, 670, 0, 0, 0, 0, 63, 110, 843
"c:\dev\Proyecto\tesis\Lb_flutter_app\le_brunch_app\sevidor\servidor.js", "JavaScript", 0, 0, 0, 0, 0, 0, 0, 707, 0, 0, 0, 0, 121, 152, 980
"c:\dev\Proyecto\tesis\Lb_flutter_app\le_brunch_app\sevidor\user.js", "JavaScript", 0, 0, 0, 0, 0, 0, 0, 39, 0, 0, 0, 0, 6, 13, 58
"c:\dev\Proyecto\tesis\Lb_flutter_app\le_brunch_app\web\index.html", "HTML", 0, 0, 0, 0, 0, 0, 19, 0, 0, 0, 0, 0, 15, 5, 39
"c:\dev\Proyecto\tesis\Lb_flutter_app\le_brunch_app\web\manifest.json", "JSON", 0, 0, 0, 35, 0, 0, 0, 0, 0, 0, 0, 0, 0, 1, 36
"c:\dev\Proyecto\tesis\Lb_flutter_app\le_brunch_app\windows\CMakeLists.txt", "CMake", 0, 89, 0, 0, 0, 0, 0, 0, 0, 0, 0, 0, 0, 20, 109
"c:\dev\Proyecto\tesis\Lb_flutter_app\le_brunch_app\windows\flutter\CMakeLists.txt", "CMake", 0, 98, 0, 0, 0, 0, 0, 0, 0, 0, 0, 0, 0, 12, 110
"c:\dev\Proyecto\tesis\Lb_flutter_app\le_brunch_app\windows\flutter\generated_plugin_registrant.cc", "C++", 12, 0, 0, 0, 0, 0, 0, 0, 0, 0, 0, 0, 4, 5, 21
"c:\dev\Proyecto\tesis\Lb_flutter_app\le_brunch_app\windows\flutter\generated_plugin_registrant.h", "C++", 5, 0, 0, 0, 0, 0, 0, 0, 0, 0, 0, 0, 5, 6, 16
"c:\dev\Proyecto\tesis\Lb_flutter_app\le_brunch_app\windows\flutter\generated_plugins.cmake", "CMake", 0, 21, 0, 0, 0, 0, 0, 0, 0, 0, 0, 0, 0, 6, 27
"c:\dev\Proyecto\tesis\Lb_flutter_app\le_brunch_app\windows\runner\CMakeLists.txt", "CMake", 0, 34, 0, 0, 0, 0, 0, 0, 0, 0, 0, 0, 0, 7, 41
"c:\dev\Proyecto\tesis\Lb_flutter_app\le_brunch_app\windows\runner\flutter_window.cpp", "C++", 49, 0, 0, 0, 0, 0, 0, 0, 0, 0, 0, 0, 7, 16, 72
"c:\dev\Proyecto\tesis\Lb_flutter_app\le_brunch_app\windows\runner\flutter_window.h", "C++", 20, 0, 0, 0, 0, 0, 0, 0, 0, 0, 0, 0, 5, 9, 34
"c:\dev\Proyecto\tesis\Lb_flutter_app\le_brunch_app\windows\runner\main.cpp", "C++", 30, 0, 0, 0, 0, 0, 0, 0, 0, 0, 0, 0, 4, 10, 44
"c:\dev\Proyecto\tesis\Lb_flutter_app\le_brunch_app\windows\runner\resource.h", "C++", 9, 0, 0, 0, 0, 0, 0, 0, 0, 0, 0, 0, 6, 2, 17
"c:\dev\Proyecto\tesis\Lb_flutter_app\le_brunch_app\windows\runner\utils.cpp", "C++", 54, 0, 0, 0, 0, 0, 0, 0, 0, 0, 0, 0, 2, 10, 66
"c:\dev\Proyecto\tesis\Lb_flutter_app\le_brunch_app\windows\runner\utils.h", "C++", 8, 0, 0, 0, 0, 0, 0, 0, 0, 0, 0, 0, 6, 6, 20
"c:\dev\Proyecto\tesis\Lb_flutter_app\le_brunch_app\windows\runner\win32_window.cpp", "C++", 210, 0, 0, 0, 0, 0, 0, 0, 0, 0, 0, 0, 24, 55, 289
"c:\dev\Proyecto\tesis\Lb_flutter_app\le_brunch_app\windows\runner\win32_window.h", "C++", 48, 0, 0, 0, 0, 0, 0, 0, 0, 0, 0, 0, 31, 24, 103
"Total", "-", 557, 466, 69, 2123, 68, 521, 19, 1970, 3, 25365, 69, 8, 2464, 3558, 37260